{
  "framework": "vite",
  "buildCommand": "vite build",
  "outputDirectory": "dist",
  "headers": [
    {
      "source": "/(.*)",
      "headers": [
        { "key": "Cross-Origin-Opener-Policy", "value": "same-origin" },
        { "key": "Cross-Origin-Embedder-Policy", "value": "require-corp" },
        { "key": "Cross-Origin-Resource-Policy", "value": "cross-origin" },
        { "key": "X-Content-Type-Options", "value": "nosniff" },
        { "key": "X-Frame-Options", "value": "DENY" },
        { "key": "Referrer-Policy", "value": "strict-origin-when-cross-origin" }
      ]
    },
    {
      "source": "/assets/(.*)",
      "headers": [
        { "key": "Cache-Control", "value": "public, max-age=31536000, immutable" }
      ]
    },
    {
      "source": "/sw.js",
      "headers": [
        { "key": "Cache-Control", "value": "public, max-age=0, must-revalidate" },
        { "key": "Service-Worker-Allowed", "value": "/" }
      ]
    },
    {
      "source": "/manifest.json",
      "headers": [
        { "key": "Cache-Control", "value": "public, max-age=86400" }
      ]
    }
  ],
  "rewrites": [
    { "source": "/((?!api/).*)", "destination": "/index.html" }
  ]
}
